{"results":[{"statement_id":0,"series":[{"name":"h2o_feet","columns":["time","difference"],"values":[[1439856360000000000,0.052000000000000046],[1439856720000000000,-0.08800000000000008],[1439857080000000000,0.09799999999999986],[1439857440000000000,-0.08499999999999996],[1439857800000000000,0.010000000000000231],[1439858160000000000,0.016000000000000014]]}]}]}
