{"results":[{"statement_id":0,"series":[{"name":"h2o_feet","columns":["time","spread"],"values":[[1442595600000000000,0.16699999999999982],[1442597400000000000,0.5469999999999997],[1442599200000000000,0.47499999999999964],[1442601000000000000,0.2560000000000002],[1442602800000000000,0.23899999999999988],[1442604600000000000,0.1609999999999996],[1442606400000000000,0.16800000000000015]]}]}]}
